<?xml version="1.0" encoding="UTF-8"?><?xml-stylesheet type='text/xsl' href='_UpgradeReport_Files/UpgradeReport.xslt'?><UpgradeLog>
<Properties><Property Name="Solution" Value="iphlpapidemo">
</Property><Property Name="Solution File" Value="D:\Work\Programming2.NET\AppTrafficMonitor\IpHlpAPI.NET\Demo\iphlpapidemo\iphlpapidemo.sln">
</Property><Property Name="Date" Value="19 июня 2006 г.">
</Property><Property Name="Time" Value="11:53:39">
</Property></Properties><Event ErrorLevel="0" Project="SharpPcap" Source="..\..\..\..\SharpPCap\SharpPcap\SharpPcap.csproj" Description="Project converted successfully">
</Event><Event ErrorLevel="3" Project="SharpPcap" Source="..\..\..\..\SharpPCap\SharpPcap\SharpPcap.csproj" Description="Converted">
</Event><Event ErrorLevel="0" Project="SharpPcap" Source="..\..\..\..\SharpPCap\SharpPcap\SharpPcap.csproj" Description="Scan complete: Upgrade not required for project files.">
</Event></UpgradeLog>