<?xml version="1.0" encoding="UTF-8"?><?xml-stylesheet type='text/xsl' href='_UpgradeReport_Files/UpgradeReport.xslt'?><UpgradeLog>
<Properties><Property Name="Solution" Value="iphlpapidemo">
</Property><Property Name="Solution File" Value="D:\Work\Programming2.NET\AppTrafficMonitor\IpHlpAPI.NET\Demo\iphlpapidemo\iphlpapidemo.sln">
</Property><Property Name="Date" Value="19 июня 2006 г.">
</Property><Property Name="Time" Value="21:14">
</Property><Property Name="Log Number" Value="2">
</Property></Properties><Event ErrorLevel="0" Project="iphlpapidemo" Source="iphlpapidemo.csproj" Description="The project file does not require conversion.">
</Event><Event ErrorLevel="3" Project="iphlpapidemo" Source="iphlpapidemo.csproj" Description="No Conversion Required">
</Event><Event ErrorLevel="0" Project="IpHlpApi.net" Source="..\..\IpHlpApi.net.csproj" Description="The project file does not require conversion.">
</Event><Event ErrorLevel="3" Project="IpHlpApi.net" Source="..\..\IpHlpApi.net.csproj" Description="No Conversion Required">
</Event><Event ErrorLevel="0" Project="SharpPcap" Source="..\..\..\..\SharpPCap\SharpPcap\SharpPcap.csproj" Description="Project converted successfully">
</Event><Event ErrorLevel="3" Project="SharpPcap" Source="..\..\..\..\SharpPCap\SharpPcap\SharpPcap.csproj" Description="Converted">
</Event><Event ErrorLevel="0" Project="log4net" Source="..\..\..\..\Log4Net\log4net.csproj" Description="The project file does not require conversion.">
</Event><Event ErrorLevel="3" Project="log4net" Source="..\..\..\..\Log4Net\log4net.csproj" Description="No Conversion Required">
</Event><Event ErrorLevel="0" Project="" Source="iphlpapidemo.sln" Description="The solution file does not require conversion.">
</Event><Event ErrorLevel="3" Project="" Source="iphlpapidemo.sln" Description="No Conversion Required">
</Event><Event ErrorLevel="0" Project="SharpPcap" Source="..\..\..\..\SharpPCap\SharpPcap\SharpPcap.csproj" Description="Scan complete: Upgrade not required for project files.">
</Event></UpgradeLog>